path,data_otimizacao,keyword,meta_title,h1,feito
/blog/pet-waste-odor-removal/,07 Mai,pet waste odor removal,How to Clean Turf from Dog Pee and Poop and Control Pet Waste Odors,How to Clean Turf from Dog Pee and Poop and Control Pet Waste Odors,"Rewrite ICP-01, 2 CTAs, FAQ Schema, Author Schema. Bug: H1 not showing on mobile (Elementor hero)"
/blog/quick-and-easy-ways-to-clean-dog-poop-on-artificial-grass/,07 Mai,clean dog poop artificial grass,Mantido,Mantido (pos 2 + AI Overview),"Rewrite ICP-01, diarrhea section added, 2 CTAs, FAQ Schema, Author Schema. Video needed (SERP showing videos)"
/blog/heres-what-not-to-do-when-cleaning-dog-urine-from-your-turf/,07 Mai,does bleach kill dog urine smell,Does Bleach Kill Dog Urine Smell? What Actually Works on Turf,Does Bleach Kill Dog Urine Smell? What Actually Works on Turf,"Rewrite ICP-01, 2 CTAs, FAQ Schema, Author Schema"
/blog/3-mistakes-to-avoid-when-removing-pet-urine-from-artificial-turf/,07 Mai,how to clean fake grass from dog urine smell,How to Clean Fake Grass from Dog Urine Smell,How to Clean Fake Grass from Dog Urine Smell,"Rewrite ICP-01, natural grass section removed, 2 CTAs, FAQ Schema, Author Schema"
/blog/your-ultimate-guide-to-removing-dog-urine-smells-from-your-synthetic-grass/,07 Mai,turf smells like dog pee,Turf Smells Like Dog Pee? Here Is How to Control the Odor,Turf Smells Like Dog Pee? Here Is How to Control the Odor,"Rewrite ICP-01, natural grass section removed, 2 CTAs, FAQ Schema, Author Schema. Pending: URL has issues in GSC"
/blog/3-things-you-can-do-to-eliminate-weeds-in-your-artificial-grass/,08 Mai,eliminate weeds artificial grass,Mantido,Mantido — CTR 1.8% já funcionando,"Rewrite ICP-01, incorrect CTA removed, 2 CTAs aligned with weeds topic, FAQ Schema removed (Rank Math duplicate), Author Schema"
/blog/reasons-for-mold-on-artificial-turf-and-what-to-do-about-it/,08 Mai,mold on artificial turf,Mold on Artificial Turf: Why It Happens and How to Stop It,Mold on Artificial Turf: Why It Happens and How to Stop It,"Rewrite ICP-01, geographic intro removed, 2 CTAs, FAQ Schema manual, Author Schema"
/blog/proper-artificial-turf-maintenance-to-get-rid-of-pests/,08 Mai,can fleas live in artificial grass,Can Fleas Live in Artificial Grass? What Pet Owners Need to Know,Can Fleas Live in Artificial Grass? What Pet Owners Need to Know,"Rewrite ICP-01, geographic intro removed, 2 CTAs, FAQ Schema, Author Schema"
/blog/using-artificial-turf-maintenance-to-get-rid-of-moss/,12 Mai,how to remove moss from artificial grass,How to Remove Moss from Artificial Grass and Keep It Away,How to Remove Moss from Artificial Grass and Keep It Away,"Rewrite ICP, incorrect CTA removed, 2 CTAs aligned with moss topic, FAQ Schema, Author Schema, zero em dashes"
/blog/can-you-vacuum-your-artificial-turf/,12 Mai,can you vacuum artificial turf,Can You Vacuum Artificial Turf? Here Is What Works,Can You Vacuum Artificial Turf? Here Is When You Can and When You Should Not,"Rewrite ICP-01, geographic intro removed, ""when vacuuming IS okay"" section added, robot vacuum section added, dog hair expandido ICP-01, CTAs /contact/, FAQ 8 perguntas, Author Schema"
/blog/5-pro-tips-to-eliminate-seams-in-your-artificial-turf/,12 Mai,how to seam artificial turf,How to Seam Artificial Turf Without Visible Lines,How to Seam Artificial Turf So the Join Is Nearly Invisible,"Rewrite ICP-01, geographic intro removed, H1 oriented to primary keyword, incorrect CTA removed, 2 CTAs padrão tf-cta-wrap alinhadas com seam repair, FAQ 7 perguntas, Author Schema"
/blog/how-much-does-artificial-turf-cleaning-cost/,12 Mai,artificial turf cleaning cost,Mantido,Mantido,CTA added before first H2. UTM: utm_campaign=artificial-turf-cleaning-cost
/blog/how-often-should-you-schedule-a-professional-turf-cleaning-the-expert-guide/,13 Mai,how often to clean artificial grass,How Often to Clean Artificial Grass: A Schedule Based on How You Use It,How Often to Clean Artificial Grass: A Schedule Based on How You Use It,"Rewrite ICP-01, 2 CTAs, FAQ Schema, Author Schema"
/blog/heres-why-your-turf-is-starting-to-smell/,14 Mai,artificial grass smells,How to Stop Artificial Grass From Smelling When Nothing Else Has Worked,How to Stop Artificial Grass From Smelling When Nothing Else Has Worked,"Rewrite ICP-01, H1 oriented to primary keyword, 2 CTAs, FAQ Schema, Author Schema"
/blog/stop-worrying-about-these-bacteria-with-proper-artificial-turf-cleaning/,14 Mai,bacteria in artificial turf,"Bacteria, Viruses and Parasites in Artificial Turf: What They Are and How to Remove Them","Bacteria, Viruses and Parasites in Artificial Turf: What They Are and How to Remove Them","Rewrite ICP-01, H1 oriented to primary keyword, 2 CTAs, FAQ Schema, Author Schema"
/blog/why-vinegar-doesnt-remove-pet-odors-from-artificial-grass/,15 Mai,is vinegar an enzyme cleaner,Is Vinegar an Enzyme Cleaner? What It Does and Does Not Do for Pet Odor on Turf,Is Vinegar an Enzyme Cleaner? What It Does and Does Not Do for Pet Odor on Turf,"Rewrite ICP-01, H1 oriented to primary keyword, 2 CTAs, FAQ Schema, Author Schema"
/blog/artificial-turf-smell-after-rain/,19 Mai,artificial grass smell after rain,Does Artificial Grass Smell After Rain? Why It Happens and How to Fix It,Does Artificial Grass Smell After Rain? Why It Happens and How to Fix It,"Rewrite ICP-01, H1 oriented to primary keyword, 2 CTAs, FAQ Schema, Author Schema"
/blog/whats-the-best-way-to-clean-your-dog-run-turf/,20 Mai,how to clean dog run turf,How to Clean Dog Run Turf: The Routine That Actually Controls Odor,How to Clean Dog Run Turf: The Routine That Actually Controls Odor,"Rewrite ICP-01, H1 oriented to primary keyword, 2 CTAs, FAQ Schema, Author Schema"
/blog/how-to-properly-power-broom-your-artificial-turf/,21 Mai,power broom for artificial turf,Power Broom for Artificial Turf: When You Need One and How to Use It Right,Power Broom for Artificial Turf: When You Need One and How to Use It Right,"Rewrite ICP-01, H1 oriented to primary keyword, 2 CTAs, FAQ Schema, Author Schema. Phase 2 candidate (pos 12)."
/blog/turfcleaner/,22 Mai,best turf cleaner for dog urine,Best Turf Cleaner for Dog Urine: How to Choose and What Actually Works,Best Turf Cleaner for Dog Urine: How to Choose and What Actually Works,"Rewrite ICP-01, H1 oriented to primary keyword, 2 CTAs, FAQ Schema, Author Schema"
/blog/synthetic-turf-maintenance-for-hard-water/,22 Mai,hard water stains artificial grass,Hard Water Stains on Artificial Grass: How to Remove Them and Keep Them Away,Hard Water Stains on Artificial Grass: How to Remove Them and Keep Them Away,"Rewrite ICP-01, H1 oriented to primary keyword, 2 CTAs, FAQ Schema, Author Schema"
/blog/pressure-washing-your-artificial-turf-is-it-safe/,23 Mai,can you pressure wash artificial grass,Can You Pressure Wash or Jet Wash Artificial Grass? What Is Actually Safe,Can You Pressure Wash or Jet Wash Artificial Grass? What Is Actually Safe,"Rewrite ICP-01, H1 oriented to primary keyword, 2 CTAs, FAQ Schema, Author Schema"
/blog/mistakes-to-avoid-when-cleaning-artificial-turf/,26 Mai,how to clean artificial turf,How to Clean Artificial Turf: Mistakes That Damage It and What to Do Instead,How to Clean Artificial Turf: Mistakes That Damage It and What to Do Instead,"Rewrite ICP-01, H1 oriented to primary keyword, 2 CTAs, FAQ Schema, Author Schema"
/,12 Mai,turf cleaning company / turf cleaning near me,Artificial Turf Cleaning Company Near You | TurFresh,N/A,Meta Title e Meta Description atualizados. Recrawl solicitado no GSC.
/blog/how-do-you-maintain-artificial-grass-when-you-have-dogs/,27 Mai,artificial grass for dogs,Artificial Grass for Dogs: Is It Safe and Easy to Clean?,How to Maintain Artificial Grass When You Have Dogs,"Rewrite ICP-01 + ICP-05, Phase 2 expansion, 12 FAQ, FAQ Schema, Author Schema, 2 CTAs tf-cta-wrap. Keywords: artificial grass for dogs, can dogs pee on turf, is artificial grass safe for dogs, can dogs dig turf."
/blog/best-artificial-grass-cleaner-for-dogs/,27 Mai,best artificial grass cleaner for dogs,Best Artificial Grass Cleaner for Dogs (What Actually Works),"Best Artificial Grass Cleaner for Dogs: Enzymatic, Oxygen, or Peroxide?","New post. Original angle (urine removal) changed to COMPARATIVE DE PRODUTOS (enzimático vs. oxigênio vs. peróxido) para evitar cannibalization com 6 posts existentes no mesmo cluster. Keyword única sem concorrência interna: ""best artificial grass cleaner for dogs"". ICP-03 primário, ICP-01 secundário. 2 CTAs tf-cta-wrap. 7 FAQ + FAQ Schema + Author Schema. Sem travessões."
/blog/synthetic-turf-maintenance-for-hard-water-stains/,03 Jun,hard water stains artificial grass,Hard Water Stains on Artificial Grass: How to Remove Them and Keep Them Away,Hard Water Stains on Artificial Grass: How to Remove Them and Keep Them Away,Rewrite ICP-01. Skill Google AI 5 dimensões. Quick Answer abre com keyword. 6 fragmentos de âncora preservados. Nova section: pool overspray hard water específico para SoCal e Inland Empire. Dado único: white deposits are calcium carbonate (EPA classification). Protocolo por nível de gravidade (light / moderate / heavy). White vinegar + baking soda receita com proporções concretas. 2 CTAs tf-cta-wrap. 8 FAQ + FAQ Schema + Author Schema. Zero travessões.
/blog/rebloom-artificial-turf-before-selling-home/,03 Jun,artificial turf reblooming,Artificial Turf Reblooming: Does It Work Before Selling Your Home?,Artificial Turf Reblooming Before Selling: What It Is and What to Expect,Rewrite ICP-05 (homeowner selling). Skill Google AI 5 dimensões. Quick Answer abre com keyword. ICP diferenciado: pré-venda vs. manutenção regular. Dado único: 85-90% of buyers with pets rank outdoor surface condition among top 3 inspection concerns (NAR 2024). Comparação: reblooming vs. replacement (custo e tempo). Protocolo de reblooming em 6 steps. 2 CTAs tf-cta-wrap. 7 FAQ + FAQ Schema + Author Schema. Zero travessões.
/blog/the-4-best-tools-for-synthetic-grass-maintenance/,03 Jun,best tools for artificial grass maintenance,The 4 Best Tools for Artificial Grass Maintenance,The 4 Best Tools for Synthetic Grass Maintenance,"Rewrite ICP-01. Skill Google AI 5 dimensões. Quick Answer abre com keyword. Dado único: TurfComb penetrates to infill level vs. standard brush. Comparação: TurfComb vs. standard bristle brush vs. power broom por uso/custo. Protocolo de uso correto por ferramenta (PSI da mangueira, angle do leaf blower, direção do brush). 2 CTAs tf-cta-wrap. 7 FAQ + FAQ Schema + Author Schema. Zero travessões."
/blog/helpful-turf-maintenance-tips-to-keep-your-lawn-fresh-this-summer/,09 Jun,artificial turf summer maintenance,Artificial Turf Summer Maintenance: Keep It Cool and Safe,Artificial Turf Summer Maintenance: Keep It Cool and Safe,"Rewrite ICP-01. Skill Google AI 5 dimensões. Quick Answer abre com keyword. Nova section: temperatura por mercado (Phoenix 150-165°F, LV 155-170°F, SoCal 135-150°F, FL 120-140°F). Ancoragem: Frontiers in Sustainable Cities 2024, Auburn University, ReTurf. Protocolo de resfriamento (15min rinse -30-50°F). Manutenção por zona e por mercado. 2 CTAs tf-cta-wrap. 9 FAQ + FAQ Schema + Author Schema. Zero travessões."
/blog/5-ways-to-keep-your-artificial-grass-as-green-as-possible/,09 Jun,how to keep artificial grass green,How to Keep Artificial Grass Green: 5 Proven Tips,How to Keep Artificial Grass Green and Looking New,"Rewrite com cautela máxima — 10 fragmentos de âncora preservados. Skill Google AI 5 dimensões. TL;DR removed. Quick Answer abre com keyword. Nova section: ""How long does artificial grass last"" (pos 1 / 10 imp / 0 cliques). Dado único: brushing restores 90% of matted fibers (Artificial Turf Supply). TurfComb, BioS+, TurfClean, TurfBloom linkados. 2 CTAs tf-cta-wrap. 9 FAQ + FAQ Schema + Author Schema. Zero travessões."
/blog/how-does-infill-help-with-artificial-turf-maintenance/,09 Jun,turf infill,"Turf Infill: Types, Calculator and Best Options for Pets","Turf Infill: What It Is, How Much You Need, and the Best Types for Pets","Rewrite Skill Google AI 5 dimensões. Nova section: turf infill calculator com fórmula de 4 passos (pos 1 / 17 imp / 0 cliques). Tabela comparativa: silica sand vs. zeolite vs. crumb rubber vs. TPE vs. TurFill. City links removeds. 2 CTAs tf-cta-wrap (fechar limpeza, not shop). 9 FAQ + FAQ Schema + Author Schema. Redirect 301 de /page/2/ via Rank Math antes de publicar. Zero travessões."
/blog/why-artificial-grass-is-perfect-for-dog-kennels/,09 Jun,artificial grass for dog kennels,Why Dog Kennels Are Switching to Artificial Grass,"Artificial Grass for Dog Kennels: Durability, Hygiene, and Cleaning Guide","Rewrite ICP B2B (facility manager / kennel owner). Skill Google AI 5 dimensões. Quick Answer abre com keyword. Nova section: turf vs. concrete vs. natural grass (tabela comparativa). Dados técnicos: drainage 30+ in/hr, tuft-bind 8+ lbs. Protocolo por volume de cães/dia. IBPSA + veterinary dermatologists citados. 2 CTAs comerciais tf-cta-wrap. 8 FAQ + FAQ Schema + Author Schema. Score: 44/50. Zero travessões."
/blog/turf-cleaning-solutions-for-pet-friendly-parks-balancing-play-and-maintenance/,09 Jun,turf cleaning for dog park,"Turf Cleaning for Dog Parks: Municipal, HOA and Multifamily","Turf Cleaning for Dog Parks: Municipal, HOA, and Multifamily Guide","Rewrite ICP B2B (park manager / HOA / multifamily). Skill Google AI 5 dimensões. Quick Answer abre com keyword. Nova section: multifamily dog park cleaning (118 imp / pos 12 / ausente no original). Tabela por facility: municipal (mensal), HOA (trimestral), daycare (mensal). CDC: E. coli, Salmonella, roundworm. APPA: 70% lares com pets. 150k+ serviços. 2 CTAs comerciais. 8 FAQ + FAQ Schema + Author Schema. Score: 44/50. Zero travessões."
/blog/benefits-of-artificial-turf-for-summer-allergies/,10 Jun,can you be allergic to artificial turf,Can You Be Allergic to Artificial Turf? The Truth | TurFresh,Can You Be Allergic to Artificial Turf? The Truth About Turf and Allergies,Rewrite ICP-03-C/D. Quick Answer abre com keyword. 2 CTAs tf-cta-wrap. FAQ Schema + Author Schema. Zero travessões.
/blog/discovering-the-power-of-turfresh-bios-the-ultimate-turf-cleaner/,15 Jun,turfresh enzyme cleaner,TurFresh Enzyme Cleaner: How BioS+ Works | TurFresh,TurFresh Enzyme Cleaner: How BioS+ Works and When to Use It,Rewrite ICP-01. Quick Answer abre com keyword. 2 CTAs tf-cta-wrap. FAQ Schema + Author Schema. Zero travessões.
/blog/avoid-these-pitfalls-when-cleaning-your-synthetic-turf-putting-green/,15 Jun,putting green cleaning,Putting Green Cleaning: Keep Your Roll True | TurFresh,Putting Green Cleaning: How to Keep Your Synthetic Turf Roll True,Rewrite ICP-04. Quick Answer abre com keyword. 2 CTAs tf-cta-wrap. FAQ Schema + Author Schema. Zero travessões.
/blog/artificial-grass-maintenance-tips-to-avoid-damaging-your-lawn/,15 Jun,artificial grass flattened,Artificial Grass Flattened? How to Fix It | TurFresh,Artificial Grass Flattened? How to Fix It and Keep It Upright,Rewrite ICP-03-E. Quick Answer abre com keyword. 2 CTAs tf-cta-wrap. FAQ Schema + Author Schema. Zero travessões.
/blog/helpful-artificial-grass-maintenance-tips-for-your-backyard-putting-green/,15 Jun,backyard putting green maintenance,Backyard Putting Green Maintenance | TurFresh,Backyard Putting Green Maintenance: Keep Your Roll True,Rewrite ICP-04. Quick Answer abre com keyword. 2 CTAs tf-cta-wrap. FAQ Schema + Author Schema. Zero travessões.
/blog/four-important-artificial-grass-maintenance-tips-for-fall/,15 Jun,artificial grass fall maintenance,Artificial Grass Fall Maintenance | TurFresh,Artificial Grass Fall Maintenance: What to Do Before Winter,Rewrite ICP-03-E. Quick Answer abre com keyword. 2 CTAs tf-cta-wrap. FAQ Schema + Author Schema. Zero travessões.
/blog/3-artificial-grass-maintenance-strategies-to-prevent-matting/,15 Jun,best brush for artificial grass,Best Brush for Artificial Grass: Types and Technique | TurFresh,"Best Brush for Artificial Grass: Types, Technique, and When to Upgrade",Rewrite ICP-03-E/01. Pivot de matting prevention para brush guide. Quick Answer abre com keyword. 2 CTAs tf-cta-wrap. FAQ Schema + Author Schema. Zero travessões.
/blog/no-more-mowing-your-lawn-the-benefits-of-artificial-grass/,15 Jun,can you mow artificial grass,Can You Mow Artificial Grass? | TurFresh,Can You Mow Artificial Grass? What Happens and What to Do Instead,Rewrite ICP-03-C. Quick Answer abre com keyword. 2 CTAs tf-cta-wrap. FAQ Schema + Author Schema. Zero travessões.
/blog/routine-turf-maintenance-vs-deep-cleaning-services/,15 Jun,does artificial turf need maintenance,Does Artificial Turf Need Maintenance? | TurFresh,Does Artificial Turf Need Maintenance? What Is Actually Required,Rewrite ICP-03-D. Quick Answer abre com keyword. 2 CTAs tf-cta-wrap. FAQ Schema + Author Schema. Zero travessões.
/blog/what-to-do-if-a-skunk-sprays-your-synthetic-turf/,15 Jun,remove skunk smell artificial grass,Remove Skunk Smell from Artificial Grass | TurFresh,Remove Skunk Smell from Artificial Grass: What Actually Works,Rewrite ICP-03-B. Quick Answer abre com keyword. Fórmula Humane Society verificada. Thiols como compostos de enxofre. Peroxide bleaching warning. 2 CTAs tf-cta-wrap. 7 FAQ + FAQ Schema + Author Schema. Zero travessões.
/blog/artificial-grass-vs-natural-grass-what-are-the-differences/,15 Jun,what is fake grass called,What Is Fake Grass Called? Artificial Turf Names Explained | TurFresh,"What Is Fake Grass Called? Names, Types, and What to Know Before You Buy","Rewrite ICP-03-C/D. Pivot from comparison to cluster naming convention. AstroTurf como marca vs. categoria (analogia Kleenex). H2 ""What Happens After You Install"" added. BioTurf BioS+ corrected para TurFresh BioS+. Secão Artificial Pasture removed. 2 CTAs tf-cta-wrap. 7 FAQ + FAQ Schema + Author Schema. Zero travessões."
/blog/5-maintenance-tips-to-extend-the-life-of-your-artificial-turf/,16 Jun,how to maintain artificial turf,How to Maintain Artificial Turf: Care Schedule | TurFresh,How to Maintain Artificial Turf: The Complete Care Schedule,Rewrite ICP-01/03. Post absorbs authority from 3 redirects (entries 53A-C). Tabela de schedule por 4 níveis de uso. H2 de reblooming added (12 imp pos 95 no GSC original). Intro geográfica removed. 2 CTAs tf-cta-wrap. 7 FAQ + FAQ Schema + Author Schema. Zero travessões.
/blog/tips-to-avoid-damaging-your-synthetic-grass-lawn/,16 Jun,how to protect artificial turf from damage,How to Protect Artificial Turf From Damage | TurFresh,How to Protect Artificial Turf From Damage: What to Avoid and Why,"Rewrite ICP-03-E/04. Option A (structure corrected, angle maintained). Secão Low-E windows added — competitive gap único no blog TurFresh. Intro geográfica removed. 2 CTAs tf-cta-wrap. 7 FAQ + FAQ Schema + Author Schema. Zero travessões."
/blog/things-new-pet-owners-need-to-know-about-synthetic-grass-disinfection/,16 Jun,how to disinfect artificial grass,How to Disinfect Artificial Grass for Pets | TurFresh,How to Disinfect Artificial Grass: Safe Methods for Pet Owners,Rewrite ICP-01. Dwell time 5-10 min added (competitive gap). Section on parvo added — único post TurFresh sobre pathogens. Ammonia como problema duplo verificado. Non-porous como vantagem de disinfection. AI Audit score antes: 18/50. 2 CTAs tf-cta-wrap. 7 FAQ + FAQ Schema + Author Schema. Zero travessões.
/blog/the-best-artificial-grass-maintenance-tips-to-clean-hard-water-stains/,16 Jun,how to clean artificial grass stains,How to Clean Artificial Grass Stains | TurFresh,How to Clean Artificial Grass Stains: Every Type Covered,Rewrite ICP-01/03-B. Pivot de hard water para stains cluster completo. Tabela de referência rápida por tipo de mancha (8 tipos). Blot outside-inward technique. Mineral spirits para oil-based paint. Citric acid para rust. Gum freezing. 2 CTAs tf-cta-wrap. 7 FAQ + FAQ Schema + Author Schema. Zero travessões.
/blog/tips-for-caring-for-your-artificial-turf-during-winter/,16 Jun,artificial grass winter care,Artificial Grass Winter Care: Do's and Don'ts | TurFresh,Artificial Grass Winter Care: What to Do and What to Avoid,"Rewrite ICP-03-E/01. Diferenciação por clima (mild/rainy/snowy) — diferencial único vs. competidores. Calcium chloride como alternativa ao sal. Post-winter recovery section. ""A maioria dos danos vem do homeowner"" como fio narrativo. 2 CTAs tf-cta-wrap. 7 FAQ + FAQ Schema + Author Schema. Zero travessões."
/blog/bioturf-concentrate-refill/,16 Jun,turfresh enzyme cleaner,TurFresh Enzyme Cleaner: How to Use BioS+ | TurFresh,TurFresh Enzyme Cleaner: How to Use BioS+ for Maximum Odor Control,"Rewrite ICP-01/03-B. Mix ratio corrected de 4oz para 3.2oz:28.2oz (shop oficial). BioS+ vs BioX diferenciados. Coverage por sqft added (1qt = 500sqft). Dwell time 10min explicitado. Ambas CTAs para /contact/ (serviço), not para shop. 2 CTAs tf-cta-wrap. 7 FAQ + FAQ Schema + Author Schema. Zero travessões."
/blog/artificial-turf-cleaning-frequency-pet-owners/,16 Jun,how often to clean artificial grass with dogs,How Often to Clean Artificial Grass With Dogs | TurFresh,How Often to Clean Artificial Grass With Dogs: Schedule by Pet Profile,"Rewrite ICP-01. Tabela de frequência por perfil de pet (tamanho, número, clima) — único no blog. Variáveis adicionais: gênero, dieta, ratio sqft/cão. BioX corrected para BioS+ na section DIY. Tabela reescrita em divs flexbox (WordPress not remove). 10-Foot Test preservado. ROI argument ($5k-$10k) preservado. 2 CTAs tf-cta-wrap. 8 FAQ + FAQ Schema + Author Schema. Zero travessões."
/blog/arizona-artificial-turf-cleaning-schedule/,22 Jun,arizona artificial turf cleaning schedule,Arizona Turf Cleaning Schedule for Phoenix Heat | TurFresh,"Arizona Artificial Turf Cleaning Schedule: By Season, Heat, and Pet Use","Rewrite ICP-01/03-E AZ. 3 novos H2s: lifespan (86 imp), monsoon (competitive gap), infill replacement (7 imp). Claim 86F removed. Tabela divs. CTAs (602) 975-2335. 7 FAQ + schemas."
/blog/make-sure-youre-not-making-these-four-artificial-grass-maintenance-mistakes/,22 Jun,artificial grass maintenance mistakes,Artificial Grass Maintenance Mistakes to Fix Now | TurFresh,Artificial Grass Maintenance Mistakes That Shorten Your Turf's Lifespan,Rewrite ICP-03-E/03-B. Expandido 4→5 erros (overbrushing). Hierarquia impacto imediato vs. gradual. Erro concatenacao HTML corrected. 7 FAQ + schemas.
/blog/how-to-maintain-a-clean-and-safe-playground-with-artificial-grass-maintenance/,22 Jun,playground turf maintenance,Playground Turf Maintenance Guide for Schools and Daycares,Playground Turf Maintenance Guide for Schools and Daycares,Verification: Meta Title e Focus Keyword confirmados Rank Math. ICP B2B escolas/HOAs. Sem alteracoes. Absorvera autoridade entry 71 apos redirect.
/blog/helpful-artificial-turf-maintenance-tips-for-doggy-daycares/,22 Jun,dog daycare turf cleaning,Dog Daycare Turf Cleaning: Schedule and Pro Tips | TurFresh,"Dog Daycare Turf Cleaning: Routine, Schedule, and Pro Tips","Rewrite ICP B2B Pet Facility. 9 H2s: staff routine, schedule dog volume (tabela divs), boarding vs. daycare, pathogens (parvo/giardia/kennel cough), holiday surge, vendor criteria, ROI ($10k-$50k). 8 FAQ + schemas. Zero travessoes."
/blog/what-to-look-for-when-choosing-a-turf-cleaning-service-turfresh/,25 Jun,how to choose an artificial turf cleaning company,How to Choose an Artificial Turf Cleaning Company,How to Choose an Artificial Turf Cleaning Company: 8 Questions to Ask,"Rewrite ICP-03-C/03-B. Pivot keyword de ""what to look for"" para ""how to choose."" 8 perguntas com TurFresh answer integrada. Red flags checklist (5 itens) unico no cluster. Tabela de metodos (garden hose/pressure wash/surface brush/hot-water extraction). Benchmark de garantia. Pricing context com ROI. 6 FAQ + schemas. Zero em dashes."
/blog/florida-artificial-turf-odor-humidity/,25 Jun,Florida artificial turf odor,Florida Artificial Turf Odor: Humidity and Pet Urine Fix,Florida Artificial Turf Odor: Why Humidity Makes It Worse,"Rewrite ICP-01/03-B FL market. 3 novos H2s: zeolite infill no contexto FL (2 imp GSC), protocolo pos-chuva/temporal (competitive gap unico), tabela frequencia por perfil pet com ajuste wet season. Claims removeds: Applied Microbiology journal e consumer temperature studies (nao verificados). CTAs correcteds de shop para /contact/. 72h signal no QA. 7 FAQ + schemas. Zero em dashes."
/blog/the-importance-of-infill-for-turf-cleaning-service-turfresh/,25 Jun,what is infill for artificial turf,What Is Infill for Artificial Turf? Types and Pet Guide,"What Is Infill for Artificial Turf? Types, Calculator, and Pet Guide","Verification: Post already optimized com QA, CTAs tf-cta-wrap, Key Takeaways, 10 FAQ + schemas. Absorvera autoridade das entries 82 e 83 apos redirects."
/blog/new-artificial-turf-first-cleaning/,25 Jun,new artificial turf smell,New Artificial Turf Smell: Is It Normal? When to Clean,New Artificial Turf Smell and First Cleaning: What to Expect and When to Act,"Minimal rewrite ICP-03-C/03-B. 90% do content preserved. Key Takeaways addeds. QA reescrito para comecar com keyword e incluir ""2-4 semanas e normal."" FAQ novo: ""Can my dog use the turf immediately after installation?"" 2 claims reformulados sem citacoes nao verificaveis. Intro removed. 7 FAQ + schemas. Zero em dashes."
/blog/essential-tips-to-stop-your-dog-from-eating-turf/,26 Jun,is artificial grass safe for dogs,"Is Artificial Grass Safe for Dogs? Yes, If You Do This",Is Artificial Grass Safe for Dogs? How to Stop Chewing and Keep Turf Clean,"Keyword pivot to safety cluster (191 combined impressions pos ~2 com near-zero CTR). New unique H2: ""How Cleaning Removes the Odor Triggers That Cause Chewing."" Safety section expanded com ingestion symptoms and vet guidance. 8 H2s, 7 FAQ + schemas. Zero em dashes."
/blog/what-happens-during-professional-turf-cleaning/,26 Jun,how long does artificial turf cleaning take,How Long Does Artificial Turf Cleaning Take? Most Owners Are Surprised,How Long Does Artificial Turf Cleaning Take? What to Expect During a Professional Visit,"Keyword pivot to evitar cannibalization com /10-point-turf-cleaning-service/. Angle homeowner visit guide. Word spans removeds. Tabelas → divs flexbox. 6 H2s, 7 FAQ + schemas. Zero em dashes."
/blog/blog-artificial-turf-cleaning-tips-thanksgiving/,26 Jun,artificial turf cleaning for Thanksgiving,Artificial Turf Cleaning for Thanksgiving: Ready in 1 Hour,Artificial Turf Cleaning for Thanksgiving: Get Your Yard Guest-Ready,Minimal structural rewrite. QA corrected com keyword exata 2x. CTA1+CTA2 tf-cta-wrap /contact/. Key Takeaways. FAQ schema + Author schema. Absorbs redirect #50 (/give-your-artificial-turf-a-holiday-makeover/).
/blog/pet-friendly-artificial-turf-safety/,26 Jun,pet-friendly artificial turf safety,Pet-Friendly Turf Safety Tips for the Holidays | TurFresh,Pet-Friendly Artificial Turf Safety Tips for the Holidays,"Structural rewrite. 2 novos H2s exclusivos: ""When Guest Dogs Visit Your Turf"" e ""After the Holiday Party."" BioTurf replaced por BioS+/BioX. Word attributes removeds. 7 H2s, 6 FAQ + schemas. Zero em dashes."
/blog/how-to-clean-artificial-turf/,26 Jun,how to clean artificial turf,How to Clean Artificial Turf: Step-by-Step Guide,How to Clean Artificial Turf: Step-by-Step Guide for Pet Owners,"Produto fictional ""BioTurf BioSiphon"" removed. Mixing ratio corrected: 4oz+28oz → 3.2oz+28.2oz. Usage profile frequency table. H2 ""Why Enzyme Cleaners Work Better Than Vinegar."" BioS+ mixing ratio como dado citavel por LLMs. 11 H2s, 6 FAQ + schemas. Zero em dashes."
/blog/artificial-turf-problems/,30 Jun,artificial turf problems,Artificial Turf Problems: How to Fix the 9 Most Common,Artificial Turf Problems: How to Diagnose and Fix the 9 Most Common Issues,"PILLAR novo do cluster Problemas Especificos. Tabela diagnostica de 9 sintomas (causa + DIY fix + threshold profissional). Regra das 48h como dado citavel por LLMs. Links internos para os 10 posts filhos: weeds, mold, pests, moss, hard water (x2), matting, seams, bacteria (x2), drainage. 9 FAQ + schema. Author Schema completo. Zero em dashes."
/blog/artificial-turf-seasonal-maintenance/,30 Jun,artificial turf seasonal maintenance,Artificial Turf Seasonal Maintenance Guide | TurFresh,Artificial Turf Seasonal Maintenance: A Climate-by-Climate Guide,"PILLAR novo do cluster Sazonal. Estrutura por estacao (spring/summer/fall/winter) + secoes dedicadas AZ/NV e FL com protocolos especificos de clima. Tabela de temperatura de superficie por mercado. Links internos para os 5 posts filhos: summer, fall, winter, AZ schedule, FL humidity. 7 FAQ + schema. Author Schema completo. Zero em dashes."
